INSERT INTO Account (account_id, username, password) VALUES
(1, "'wjohnson'", "'0!I#Oqxx%82X'"),
(2, "'tinaramirez'", "'D&4)OHuo%4+2'"),
(3, "'wilcoxjacob'", "'gn4tmt%j6^cA'"),
(4, "'lawsonjon'", "'bEm9rARbdMm@'"),
(5, "'tonyjefferson'", "'K!VVo)k&+67W'"),
(6, "'lgraham'", "'8^ol&K(r@a11'"),
(7, "'thomasreed'", "'*g1%cK*qTW#n'"),
(8, "'susanmartin'", "'$pXM1Qr511Au'"),
(9, "'vrobertson'", "'#9hBF#yZ%$Pv'"),
(10, "'michael38'", "'^4DB)Gjl0snR'");
INSERT INTO Role (role_id, name, description) VALUES
(1, "'Psychiatric nurse'", "'Through before energy.\nRadio well debate conference skill lot significant.\nMillion experience will movie line.'"),
(2, "'Counsellor'", "'Style response nothing major. Produce daughter least claim middle sound everybody. Seek open situation enough room this child.'"),
(3, "'Structural engineer'", "'Really fish collection person course weight right. Central a imagine see but model.'"),
(4, "'Film/video editor'", "'Garden here hospital institution. Mother system character. Rise point whether should.'"),
(5, "'Actor'", "'Option word poor prepare. Cost lay truth state seem goal.\nHouse war several when. Measure central poor test yard industry.'");
INSERT INTO Account_Role (account_id, role_id) VALUES
(4, 3),
(7, 4),
(8, 2),
(10, 1),
(5, 1),
(6, 1),
(7, 2),
(8, 5),
(2, 3),
(2, 3);
INSERT INTO Categroy (category_id, name, description) VALUES
(1, "'security'", "'Coach race hard board recent. Perform use development change. Language whom pattern industry.\nList item individual son sometimes lose. Yeah hundred attack security manager.'"),
(2, "'nation'", "'Product deep else rule guy.\nLive reach enter article. Themselves well practice sign leg develop recently. Social him church indeed.'"),
(3, "'industry'", "'Another it race western show professional girl. Boy reach move range. Important this board final security traditional try pattern.'"),
(4, "'build'", "'Act available every should throw material. Administration stuff real continue weight. Alone industry early. Week performance left former future.\nYourself production unit doctor increase bring.'"),
(5, "'sing'", "'These maintain camera play.\nEverything stock artist truth ready stop none production. Kind alone though. Month represent community keep.\nConsider you hit section. Today single father agreement.'");
INSERT INTO User (user_id, dateOfBirth, name, phone, gender, address, email, account_id) VALUES
(1, "'2005-02-20'", "'Lee Fisher'", "'+1-248-940-5450'", 0, "'090 Sheppard Knolls Suite 899\nHensleymouth, AS 68909'", "'etucker@example.org'", 1),
(2, "'1988-10-26'", "'Sarah Ward DDS'", "'(319)885-6033'", 1, "'3170 Katherine Islands\nFlorestown, AK 64482'", "'woodtheresa@example.net'", 4),
(3, "'1974-11-24'", "'Stacey Morrison'", "'(718)529-9669x204'", 0, "'2909 Schultz Avenue\nNew Shannonberg, FM 68942'", "'richard70@example.net'", 4),
(4, "'1983-10-04'", "'Jonathan Williams'", "'(201)655-2796'", 1, "'68315 Kelly Cliffs\nNorth Ashleyview, AZ 87584'", "'melissa99@example.net'", 6),
(5, "'1964-09-28'", "'Michael Sanders'", "'940.339.2801x2178'", 1, "'3212 Lauren Drive Apt. 267\nDaughertyborough, FM 93362'", "'qcurry@example.com'", 3),
(6, "'1970-07-19'", "'Kimberly Cisneros'", "'247-512-2761x6111'", 0, "'835 James Trafficway Suite 690\nRichardsonmouth, MD 27441'", "'sheila87@example.net'", 1),
(7, "'1996-08-27'", "'Brandon Green'", "'769-313-2795x630'", 0, "'24327 Jamie Throughway Suite 947\nNew Ruthfurt, OR 05606'", "'kristingraves@example.com'", 8),
(8, "'1993-12-18'", "'Angela Ward'", "'226-964-1571x77475'", 1, "'6746 Abigail Parkway Suite 459\nSanchezfort, WA 45405'", "'crodriguez@example.org'", 1),
(9, "'1993-01-10'", "'Mr. Gerald Mullins'", "'+1-502-951-2498x02985'", 0, "'1700 Aguilar Knolls Suite 889\nGriffithfort, UT 56143'", "'dakota56@example.org'", 1),
(10, "'1981-02-07'", "'Joseph Murphy'", "'+1-854-827-5269x40490'", 0, "'95767 Maddox Shores\nNew Mary, MA 26634'", "'mmurphy@example.org'", 2);
INSERT INTO Document (document_id, category_id, author_id, thumbnail, title, content, status, create_at, update_at) VALUES
(1, 1, 9, "'https://placekitten.com/595/365'", "'Federal enough information everybody dog.'", "'Voice between produce mission. Effort show environment.\nListen defense provide price necessary fine. Near ground interest activity international. Name more impact mention respond different mention.\nResult car money common sit how. Fall trouble air dark include respond cost.\nManage person plan fine collection best. Stand study summer shake network nearly beautiful add. Property score approach source charge in.'", 1, "'2024-05-07 12:37:06'", "'2024-02-23 04:52:51'"),
(2, 2, 8, "'https://picsum.photos/283/156'", "'Not check space training leg decade become shake.'", "'Power perform his party cold camera alone. Beat report far increase.\nMother back federal tend news just. Girl Democrat food though. Bed second herself discussion. Reason imagine same thing thing.\nAttack minute feeling close social. Remember issue major mother here order. Political always water middle herself that.\nMonth entire and exist around morning worker. Police husband inside live.\nEight hundred physical something partner year service. Piece art hand physical that beat.'", 0, "'2024-10-21 10:00:42'", "'2024-02-04 18:53:49'"),
(3, 3, 8, "'https://dummyimage.com/0x648'", "'Will window really country baby condition.'", "'Over view notice common. Remain yard bad gas. Three loss finally find spring central.\nAcross either soon need mouth. When campaign word everybody owner series seek figure.\nPresident contain believe skill southern real sometimes. The adult Mr here term morning. Let imagine father fund collection story before my.\nThing catch deal cover environment amount despite. Woman skin parent young dark charge. Husband should position. Message investment including throw.'", 1, "'2024-05-20 19:48:37'", "'2024-08-12 16:16:54'"),
(4, 4, 3, "'https://placekitten.com/831/1012'", "'Thus somebody friend light fund stand.'", "'Model tax charge we apply around. Street speech whole how also. Country truth million study reveal.\nTonight town idea into idea together yourself. Right civil answer add minute recently. Wish ever issue key.\nNotice listen section miss deep write. Low strategy quite pattern answer serve.\nProduct force court property which majority respond. Trip place Mr world reality risk.\nInternational exist condition claim management station second certain. Try professor mention relationship first tax.'", 1, "'2024-04-22 02:06:51'", "'2024-08-13 21:34:43'"),
(5, 4, 3, "'https://dummyimage.com/65x664'", "'Against country finish someone modern hard impact goal.'", "'Surface film whether available effect two consumer political. Involve plant sport run green. Ability choice fly sit player item table again.\nSure ball bed. Animal which morning country employee toward. Rule eat week trial assume.\nSummer hope science lawyer. If minute yourself common around.\nChurch simply outside west new. Feel keep action skin somebody. Small commercial reflect its everybody include.\nSide pull test. Interview attack improve.'", 1, "'2024-03-01 11:24:07'", "'2024-10-20 18:52:33'"),
(6, 5, 1, "'https://placekitten.com/1007/453'", "'Than player brother approach establish style.'", "'Determine few today win at. Person nearly trial use. Rather way television cell where budget meeting make.\nAdministration choice would security oil. Back baby book test card itself player.\nDetermine change himself allow assume. Effect cup hand interest occur me special. Task meeting month approach nearly.\nFirm as technology and morning approach. Author else leave drive series operation. Course near investment hold hold. Movie long road art.'", 1, "'2024-10-25 12:04:54'", "'2024-04-19 15:11:33'"),
(7, 2, 4, "'https://placekitten.com/646/630'", "'Significant room law whole poor head.'", "'Population scene include become television mention increase. Teacher measure reason lawyer plant.\nCouple lay defense record focus himself PM. Likely place final candidate help toward. Wonder prepare almost.\nLeg beyond price million medical nearly. Argue writer often whom watch. Seven but fight catch.\nYes government summer authority should force. Himself result hope explain risk century.'", 0, "'2024-11-06 18:56:17'", "'2024-11-09 10:11:00'"),
(8, 4, 4, "'https://dummyimage.com/857x966'", "'Hear ground ago eye little wish theory so.'", "'Improve worker different popular other mind power. Live hand long catch realize.\nHere look serious garden research. Church let effort interest thing course shoulder.\nSpend win away far play. Thank fly remain tend.\nSignificant them particularly. Once usually population more owner.\nNewspaper world kind about half finish. Discussion rock bring great. Performance relationship begin impact it.\nPressure member land soldier cost safe itself. To couple strong listen leader as.'", 1, "'2024-09-07 13:39:43'", "'2024-04-22 21:36:46'"),
(9, 2, 1, "'https://picsum.photos/591/558'", "'Some total like office direction before conference join.'", "'Very evidence reach night term eat total. Pattern decide able southern.\nFirst animal worker value cell ten point effect. Again husband discuss choose ground song fly.\nEver smile respond role conference you success. Statement theory seat away. Itself threat it past. Foreign upon message someone bit stage audience.\nPerformance of foot opportunity table. Discuss deal responsibility budget to purpose.'", 1, "'2024-06-01 03:18:16'", "'2024-09-01 08:35:11'"),
(10, 1, 10, "'https://placekitten.com/488/636'", "'Site woman ever.'", "'Direction defense blue song paper. Animal fire your return share.\nStock art floor believe try. But yourself their. Four order force eight sister return check.\nIncrease decade process unit budget talk rise. Certain purpose throughout. Accept begin century enough least physical debate. Only shake instead important spring once and.\nEconomic player her kind believe only. Beat west former building enter reduce program tonight. Phone difference kind read.'", 0, "'2024-04-24 14:16:20'", "'2024-07-02 13:01:24'"),
(11, 4, 4, "'https://dummyimage.com/857x956'", "'Response reduce him American friend seem newspaper.'", "'Door watch central at. Measure student number whatever four force. Author find food court management no.\nWeight beat upon. Time let land nearly firm front machine.\nTravel course table however officer serve media. Product strategy region purpose herself anything after. Body network method former travel religious wind.\nAbove you contain success pass page fine.\nStandard who organization court everyone race. Thus something citizen many child.\nGreat list order section small. Tell to it.'", 0, "'2024-02-08 09:07:46'", "'2024-11-02 22:38:46'"),
(12, 5, 3, "'https://dummyimage.com/760x2'", "'Area economy program.'", "'Manage million prove beat option name cultural. Test point treatment. Memory soldier without work agreement every else.\nLast natural why soon none. Third per American there face start. Grow anything fine condition drop develop quickly training.\nYard hour activity speak good matter. Approach yeah between food wife case million. Marriage author conference society prove trial too low.\nAddress reduce show hit. Before attention some whether day religious the. Development knowledge road against.'", 0, "'2024-09-10 23:09:50'", "'2024-01-03 19:51:42'"),
(13, 3, 6, "'https://dummyimage.com/112x624'", "'Such plan team.'", "'Management American skill paper theory. Color animal land play big stand.\nStop manage should south resource. Difficult question try charge structure hair others this. Not understand economy bill goal heart administration.\nHair why ground analysis particular. Relationship unit ok campaign. Environment southern law stage.\nGrowth use recognize style near.\nAction baby friend only bad relate enough.\nStreet Republican spring deal thus. Process power movie plant threat five finally among.'", 0, "'2024-06-27 02:51:34'", "'2024-05-22 20:37:53'"),
(14, 4, 9, "'https://dummyimage.com/105x630'", "'Movement scene off direction whether certain against.'", "'Federal tree politics technology particularly southern north. Body name evening statement small next. Personal offer son spring.\nInternational town eye already between center. You myself them power machine billion.\nCareer program fine story. After but work artist situation traditional.\nDirector would maybe relationship. Order cell including answer company wide this.'", 0, "'2024-03-20 22:02:41'", "'2024-10-06 20:24:54'"),
(15, 4, 1, "'https://picsum.photos/1/344'", "'Should wish particular computer arrive.'", "'News policy anyone station tax its. Daughter help participant church.\nHappen region million game occur knowledge. Sure law western operation growth feeling ground.\nCompany large size have whole. Often step both analysis share first doctor.\nBox level surface them again. They identify family you future.\nCustomer available hospital attorney turn. Stuff western before surface itself role ok. Something record reveal clearly law.'", 1, "'2024-04-21 13:56:56'", "'2024-06-19 22:55:58'");
INSERT INTO History_Download (document_id, account_id, date) VALUES
(12, 7, "'2024-11-04 00:05:54'"),
(3, 10, "'2024-11-14 01:47:06'"),
(4, 4, "'2024-11-15 16:46:11'"),
(6, 4, "'2024-11-21 23:13:41'"),
(11, 8, "'2024-11-10 07:36:54'"),
(6, 6, "'2024-11-13 12:27:32'"),
(14, 9, "'2024-11-21 13:18:25'"),
(14, 8, "'2024-11-04 14:12:18'"),
(15, 3, "'2024-11-07 08:22:56'"),
(13, 8, "'2024-11-21 12:30:37'"),
(7, 1, "'2024-11-15 05:26:47'"),
(6, 9, "'2024-11-19 17:07:41'"),
(10, 4, "'2024-11-15 02:02:55'"),
(12, 2, "'2024-11-09 09:38:56'"),
(9, 10, "'2024-11-14 19:39:58'"),
(3, 7, "'2024-11-13 15:09:07'"),
(3, 2, "'2024-11-17 00:29:37'"),
(1, 8, "'2024-11-12 01:14:51'"),
(10, 10, "'2024-11-02 06:44:52'"),
(6, 9, "'2024-11-03 08:44:37'");
INSERT INTO Rating (account_id, document_id, rate) VALUES
(9, 10, 1),
(10, 11, 1),
(8, 14, 4),
(2, 9, 4),
(1, 7, 1),
(10, 12, 3),
(10, 4, 3),
(7, 2, 3),
(3, 7, 3),
(5, 15, 2),
(5, 4, 5),
(6, 13, 2),
(9, 9, 5),
(1, 8, 2),
(2, 9, 5),
(1, 7, 2),
(1, 3, 1),
(2, 7, 1),
(10, 6, 1),
(9, 7, 5);
